epoch,time,train/box_loss,train/cls_loss,train/dfl_loss,metrics/precision(B),metrics/recall(B),metrics/mAP50(B),metrics/mAP50-95(B),val/box_loss,val/cls_loss,val/dfl_loss,lr/pg0,lr/pg1,lr/pg2
1,18.7229,1.78888,2.76777,2.35882,0.00333,1,0.1775,0.08553,1.54444,3.66,2.82083,2e-05,2e-05,2e-05
2,35.1222,1.64028,2.67525,2.12417,0.00333,1,0.46127,0.23197,1.18014,3.44253,2.54371,5.8812e-05,5.8812e-05,5.8812e-05
3,51.597,1.49838,2.51899,2.07034,0.00333,1,0.60343,0.36077,0.92529,3.36642,2.2971,9.604e-05,9.604e-05,9.604e-05
4,68.104,1.25559,2.4757,1.89099,0.00333,1,0.66879,0.37684,0.91793,3.307,2.28864,0.000131684,0.000131684,0.000131684
