epoch,time,train/box_loss,train/cls_loss,train/dfl_loss,metrics/precision(B),metrics/recall(B),metrics/mAP50(B),metrics/mAP50-95(B),val/box_loss,val/cls_loss,val/dfl_loss,lr/pg0,lr/pg1,lr/pg2
1,15.2333,1.78888,2.76777,2.35882,0.00333,1,0.1775,0.08553,1.54444,3.66,2.82083,2e-05,2e-05,2e-05
2,29.0174,1.64028,2.67525,2.12417,0.00333,1,0.46127,0.23197,1.18014,3.44253,2.54371,5.8812e-05,5.8812e-05,5.8812e-05
3,42.524,1.49838,2.51899,2.07034,0.00333,1,0.60343,0.36077,0.92529,3.36642,2.2971,9.604e-05,9.604e-05,9.604e-05
4,57.0951,1.25559,2.4757,1.89099,0.00333,1,0.66879,0.37684,0.91793,3.307,2.28864,0.000131684,0.000131684,0.000131684
5,74.155,1.01462,2.28726,1.65733,0.00333,1,0.83187,0.35148,0.91243,3.25367,2.16819,0.000165744,0.000165744,0.000165744
6,89.2193,0.9982,2.07277,1.66005,0.00333,1,0.91881,0.35897,0.8453,3.23849,2.03153,0.00019822,0.00019822,0.00019822
7,103.064,1.03556,1.88575,1.56724,0.00333,1,0.66703,0.29486,0.97876,3.32636,2.08413,0.000229112,0.000229112,0.000229112
8,117.107,0.94501,1.64458,1.56748,0.00333,1,0.42362,0.18979,1.23406,3.47621,2.20737,0.00025842,0.00025842,0.00025842
9,131.057,0.96211,1.52761,1.52762,0.00333,1,0.63835,0.22471,1.29365,3.48244,2.2367,0.000286144,0.000286144,0.000286144
